inicio,fim,alpha,beta,delta,theta,gamma
0,1250,25.8125470955555,2.5663060838918663,1.6576900181560252,100.0,0.0
1,1251,25.930437607013232,2.574956413083105,1.5949423389232036,99.99999999999999,0.0
2,1252,26.027843126846236,2.5810530244737606,1.655278332712328,99.99999999999999,0.0
3,1253,26.14259047686914,2.588968833712933,1.6297672482607894,100.0,0.0
4,1254,26.238318818074312,2.595163160278077,1.7239253312991076,100.0,0.0
5,1255,26.37941449188143,2.6047789648662616,1.6669371898939715,100.0,0.0
6,1256,26.510428566898515,2.613197873779855,1.69126412552357,100.0,0.0
7,1257,26.641518238245506,2.622138123680347,1.671791566949056,100.00000000000001,0.0
8,1258,26.75318047428608,2.6293913397041746,1.7439144827727502,100.0,0.0
9,1259,26.91209479621661,2.6400200653345327,1.6755306659643003,100.0,0.0
10,1260,27.05930229259292,2.6492304086704714,1.6701135069069435,99.99999999999999,0.0
11,1261,27.207499353959626,2.659060612263651,1.628117998808939,100.0,0.0
12,1262,27.345595857530977,2.667921493067196,1.697161506643049,100.00000000000001,0.0
13,1263,27.50276438932324,2.6778902557323523,1.6168205978751415,100.0,0.0
14,1264,27.657683904633615,2.6875460480444056,1.5491562122333484,100.0,0.0
15,1265,27.816574249132366,2.6976347115486705,1.5039225380819887,100.00000000000001,0.0
16,1266,27.97536695965882,2.7073291224943836,1.477255521112345,100.0,0.0
17,1267,28.12622741631477,2.7161079844511877,1.4732071374409716,100.0,0.0
18,1268,28.287603243173795,2.726251247318125,1.4521276747732035,100.00000000000001,0.0
19,1269,28.451425329651023,2.7362446073367996,1.4455263465940014,100.0,0.0
20,1270,28.624308429606845,2.7466316168532257,1.4330948993145842,100.00000000000001,0.0
21,1271,28.777874297353705,2.7552844328946136,1.5312650766201914,99.99999999999999,0.0
22,1272,28.941229972069177,2.7657735973980873,1.5918063301083287,100.0,0.0
23,1273,29.100744519643907,2.7754082055009257,1.6997422984661847,100.00000000000001,0.0
24,1274,29.276011193681978,2.7862546508692105,1.7388877638413307,100.00000000000001,0.0
25,1275,29.431117799035412,2.795331939804281,1.8655885881218006,99.99999999999999,0.0
26,1276,29.58769472879296,2.805001532848658,1.9604708104415725,100.0,0.0
27,1277,29.736880606212374,2.814048189861265,2.0380103126979043,99.99999999999999,0.0
28,1278,29.886009635249287,2.823182267027722,2.0785133051328297,99.99999999999999,0.0
29,1279,30.03452412546158,2.8324363326713398,2.068931363639882,100.00000000000001,0.0
30,1280,30.179912227603275,2.8414984804455465,2.0045767814837796,100.0,0.0
31,1281,30.31074687219615,2.84932219275087,1.9267783874460795,100.0,0.0
32,1282,30.442518528202637,2.8574551613847006,1.836208507078166,100.0,0.0
33,1283,30.571575382111085,2.865489623622083,1.7363978759520073,99.99999999999999,0.0
34,1284,30.692522418072507,2.872894225392921,1.6510562329292762,100.0,0.0
35,1285,30.806096497761427,2.8798644834061076,1.5669850152677791,100.00000000000001,0.0
36,1286,30.92167224578937,2.8872987335584472,1.496311094856018,100.0,0.0
37,1287,31.035962973749434,2.8947568639476007,1.4373230636935133,100.0,0.0
38,1288,31.141199426075726,2.901503041810522,1.4150628605497224,99.99999999999999,0.0
39,1289,31.231365717563943,2.907023831362392,1.4279227151495242,99.99999999999999,0.0
40,1290,31.322333955986146,2.9127934969544413,1.4658570882022295,100.00000000000001,0.0
41,1291,31.41339261151776,2.9186691600065093,1.5306855217825652,100.0,0.0
42,1292,31.49669035940868,2.9238845607172985,1.6423617730266757,100.0,0.0
43,1293,31.570343561352168,2.928322528403867,1.743918717344095,99.99999999999999,0.0
44,1294,31.639517268829984,2.932368205601419,1.8560586544025415,100.0,0.0
45,1295,31.709505966801895,2.9365352607675024,1.9386304671555017,100.00000000000001,0.0
46,1296,31.769036758300768,2.9397842012660167,2.0084294404954424,100.0,0.0
47,1297,31.814554857660525,2.9418427512485197,2.051999186965185,100.0,0.0
48,1298,31.85433768849003,2.9434499606283935,2.0788519386223485,99.99999999999999,0.0
49,1299,31.89890596577643,2.94557382198248,2.05937954093995,100.00000000000001,0.0
50,1300,31.932362566562837,2.946792375967855,2.0164990770287425,100.0,0.0
51,1301,31.954301206183388,2.947097524754328,1.9402556881726871,100.0,0.0
52,1302,31.970041674406364,2.9469173236614257,1.8641853316594674,100.00000000000001,0.0
53,1303,31.984369432416834,2.9466300586235605,1.765342915870202,100.0,0.0
54,1304,31.990284902189433,2.9456959464293786,1.6680159821482001,100.0,0.0
55,1305,31.98021438259689,2.94336116420764,1.5881394954602515,100.00000000000001,0.0
56,1306,31.971708074925953,2.9412931039041985,1.551772810297139,99.99999999999999,0.0
57,1307,31.9577515494625,2.9386801627934527,1.5143432571230995,100.0,0.0
58,1308,31.932723189514558,2.935165113436444,1.4957810991430909,100.00000000000001,0.0
59,1309,31.9011194950918,2.9310977928645876,1.4838394676087052,100.0,0.0
60,1310,31.86921813462375,2.9270685518037722,1.4798807064862727,99.99999999999999,0.0
61,1311,31.82613589564245,2.9220229007740968,1.4743388605864665,100.0,0.0
62,1312,31.77338595049023,2.916327258035846,1.4563489535966903,100.0,0.0
63,1313,31.707118979791534,2.909424233367872,1.4448474288376125,100.0,0.0
64,1314,31.647432668040764,2.9032198612788656,1.4434890967752554,100.0,0.0
65,1315,31.57965761629842,2.896478183487291,1.4528330527037487,100.0,0.0
66,1316,31.495785803188024,2.888454348764066,1.4747600331517436,100.0,0.0
67,1317,31.399129179830517,2.8793914306471216,1.500628609987727,100.0,0.0
68,1318,31.31299380053334,2.8714861325568015,1.5022583214379548,100.0,0.0
69,1319,31.213388383491537,2.862604329387306,1.521317604721241,99.99999999999999,0.0
70,1320,31.096851014345173,2.85241148325512,1.5417239080752285,100.0,0.0
71,1321,30.9713424188216,2.8414650134642585,1.570199766033089,100.0,0.0
72,1322,30.860893350467048,2.832272194906361,1.5649413348244732,100.00000000000001,0.0
73,1323,30.738668270392935,2.82219932954871,1.575700412872073,99.99999999999999,0.0
74,1324,30.601453465977144,2.8109775829253305,1.5813243416981881,100.0,0.0
75,1325,30.45148812071509,2.7986820102212158,1.5991376231931105,100.00000000000001,0.0
76,1326,30.318514184487935,2.7883688073703574,1.5768551387908833,100.0,0.0
77,1327,30.171409194604063,2.776883485094642,1.5697014826440956,100.00000000000001,0.0
78,1328,30.01160033575441,2.764404386046665,1.5608587814308108,100.0,0.0
79,1329,29.842817241216615,2.751264240051988,1.5691677903809693,100.00000000000001,0.0
80,1330,29.68555377427069,2.739465217011096,1.5523834489536326,100.0,0.0
81,1331,29.51931505574955,2.726985323765942,1.5385852075921527,99.99999999999999,0.0
82,1332,29.344915808092203,2.7138298961817298,1.5310891096156818,100.00000000000001,0.0
83,1333,29.16490439712434,2.700484676459825,1.5339195710542275,99.99999999999997,0.0
84,1334,28.996106636120388,2.6883772417812426,1.5235219411777803,100.00000000000001,0.0
85,1335,28.819666390865763,2.6756614527058717,1.510564428242992,100.0,0.0
86,1336,28.638039382613915,2.662532171632247,1.522301177947992,100.0,0.0
87,1337,28.45588076430873,2.6498190780072517,1.5349641989923775,100.0,0.0
88,1338,28.2795771271814,2.637836893374815,1.5584462944217652,99.99999999999999,0.0
89,1339,28.097134151050298,2.6253142000546794,1.5840562993764695,99.99999999999999,0.0
90,1340,27.910820994951667,2.612638168268478,1.6272033612671764,99.99999999999999,0.0
91,1341,27.731235950593607,2.600886950045754,1.6460501602928126,99.99999999999999,0.0
92,1342,27.559253183856008,2.589947182830744,1.670880616719616,100.0,0.0
93,1343,27.380476377245763,2.578430013756207,1.6779860835555525,100.00000000000001,0.0
94,1344,27.1993020692098,2.566885721250237,1.6840835573211859,100.0,0.0
95,1345,27.029101904321564,2.556558915781311,1.6813181348616146,99.99999999999999,0.0
96,1346,26.868132900961612,2.5470198161966056,1.6783402962945462,99.99999999999999,0.0
97,1347,26.698439618182586,2.536849929900159,1.6531337403548114,100.0,0.0
98,1348,26.52848146256919,2.526717429175339,1.6484120203836339,100.0,0.0
99,1349,26.37574947965661,2.5183240348856417,1.6273701111198784,100.0,0.0
100,1350,26.235426342622144,2.510975910041017,1.6138580743747641,100.0,0.0
101,1351,26.087550526361195,2.5029800304689003,1.600514337329458,100.0,0.0
102,1352,25.942071872072393,2.495219410631381,1.6088069796231939,99.99999999999999,0.0
103,1353,25.812782155486104,2.488963532052806,1.604730584012367,100.00000000000001,0.0
104,1354,25.700284265539143,2.4841135974026707,1.6126173126023375,99.99999999999999,0.0
105,1355,25.581035898169173,2.478561715202697,1.6273848186322166,99.99999999999999,0.0
106,1356,25.463325848940062,2.47299840417251,1.6714753808941407,100.0,0.0
107,1357,25.36517065825539,2.469066229842169,1.7101496595876524,100.0,0.0
108,1358,25.287584876828404,2.466901758619612,1.7261851238328685,100.00000000000001,0.0
109,1359,25.20345325976408,2.4639113779456547,1.7540405304044977,100.0,0.0
110,1360,25.126850604336234,2.461376594612968,1.7715567546102517,100.0,0.0
111,1361,25.06516194562138,2.45993517855202,1.7642389021063043,100.0,0.0
112,1362,25.01772210220483,2.4596061596457037,1.7436875254791546,99.99999999999999,0.0
113,1363,24.969634587726844,2.4589774144767573,1.7374405205955277,99.99999999999999,0.0
114,1364,24.935703832145574,2.4594413799602233,1.7199157427495806,100.0,0.0
115,1365,24.913329209441255,2.4607207886688642,1.7077333265692372,100.00000000000001,0.0
116,1366,24.90203955220137,2.462801009546947,1.6744366496555687,99.99999999999999,0.0
117,1367,24.887911627682552,2.4643413777964303,1.6602782320105043,100.0,0.0
118,1368,24.894119664288432,2.4675691997133207,1.6351830559756075,100.00000000000001,0.0
119,1369,24.911125583688097,2.4715502357725097,1.6211669312237345,100.0,0.0
120,1370,24.932438538167066,2.4756528485477567,1.6049533867017383,100.0,0.0
121,1371,24.953838593196718,2.479464033142934,1.6045164927518678,100.00000000000001,0.0
122,1372,25.00058662851257,2.485294532053031,1.589538722259521,100.0,0.0
123,1373,25.054491158111233,2.49144978867886,1.59492448526671,100.0,0.0
124,1374,25.112728931599797,2.4976799573356567,1.5954343750021,100.0,0.0
125,1375,25.169813745986247,2.503458181698546,1.6040271824292205,100.0,0.0
126,1376,25.249466072715805,2.5109369752692525,1.6008376753235771,99.99999999999999,0.0
127,1377,25.336329907775166,2.51874068278662,1.6175862703699917,100.0,0.0
128,1378,25.429072449756017,2.5267229823351056,1.632362649018206,100.0,0.0
129,1379,25.519360953900648,2.534148640794397,1.664606893023028,100.0,0.0
130,1380,25.631056328553875,2.5432596911734593,1.675732100751449,100.0,0.0
131,1381,25.74966791376126,2.5527728528747176,1.6942851756295476,100.0,0.0
132,1382,25.869235188325938,2.5620851085404763,1.7165562112700568,100.0,0.0
133,1383,25.98874743229809,2.5710231109409225,1.728719790103937,100.0,0.0
134,1384,26.122377344886168,2.5811095189037743,1.7370998267501843,100.0,0.0
135,1385,26.26306642322696,2.5917684318918304,1.735709257338217,100.00000000000001,0.0
136,1386,26.403285048560498,2.6021521102683547,1.7382850115924369,99.99999999999999,0.0
137,1387,26.544531549486788,2.612229791832262,1.7423014872919032,100.00000000000001,0.0
138,1388,26.6962945290568,2.62314604770143,1.7370818297892734,99.99999999999999,0.0
139,1389,26.84966455131367,2.6341198253531712,1.7125537581046981,100.0,0.0
140,1390,27.002549980887828,2.6447203462532847,1.6907293422747396,100.0,0.0
141,1391,27.159387473834425,2.6553956044424685,1.6667018243194844,100.0,0.0
142,1392,27.324209842281903,2.666575955491765,1.6430582140168895,100.0,0.0
143,1393,27.490785043542374,2.6778565310233,1.5864871862188574,100.0,0.0
144,1394,27.65392702664968,2.688557891966473,1.53945981896933,100.0,0.0
145,1395,27.817995412210067,2.6991252671876014,1.5049679236067424,100.00000000000001,0.0
146,1396,27.991665273158095,2.7105406628480004,1.481727380403466,99.99999999999999,0.0
147,1397,28.163092741717904,2.7215772340666367,1.464040049568547,100.0,0.0
148,1398,28.331157951177794,2.732235518804619,1.4803167207395074,100.0,0.0
149,1399,28.49942360336296,2.742840114120861,1.5238739983014986,100.0,0.0
150,1400,28.673932296081297,2.7542946134348028,1.5845320504358134,99.99999999999999,0.0
151,1401,28.844882210698252,2.7652911636780106,1.667442586379551,100.00000000000001,0.0
152,1402,29.00919304410373,2.7755875645456944,1.772927568061331,100.0,0.0
153,1403,29.172897146170758,2.785959139846423,1.887593979867188,100.0,0.0
154,1404,29.33821082559912,2.7967530363004554,1.9996737598704373,100.0,0.0
155,1405,29.49830561084124,2.807033972383569,2.0757182592787875,99.99999999999999,0.0
156,1406,29.651427319419625,2.816757394112619,2.1143576979257617,100.00000000000001,0.0
157,1407,29.802894682630445,2.826496451362858,2.1027113727082143,99.99999999999999,0.0
158,1408,29.955447085526167,2.836515495976962,2.04483592509132,100.00000000000001,0.0
159,1409,30.099906000269602,2.845858651114451,1.96105281307061,100.00000000000001,0.0
160,1410,30.236722197171154,2.854664563893391,1.8687957474717318,99.99999999999999,0.0
161,1411,30.368841366362226,2.8632702654539646,1.783596050288574,99.99999999999999,0.0
162,1412,30.50459605392419,2.872327495938304,1.6788402290831799,100.0,0.0
163,1413,30.628582076646573,2.880463187036263,1.5951500028879582,99.99999999999999,0.0
164,1414,30.7473845741849,2.888399653817413,1.5280564689602871,100.0,0.0
165,1415,30.861760000500926,2.896105435248573,1.482305963035994,100.0,0.0
166,1416,30.975881661707817,2.9039128638114535,1.4475208582958152,100.00000000000001,0.0
167,1417,31.079017778907755,2.910835923349008,1.4570215929760353,99.99999999999999,0.0
168,1418,31.17736600585783,2.9175596785495634,1.4971403107995258,100.0,0.0
169,1419,31.271856565304073,2.9240230549988975,1.5715214119003973,99.99999999999999,0.0
170,1420,31.36340800733019,2.9302494120513622,1.6627072223766144,99.99999999999999,0.0
171,1421,31.443954277173226,2.935503689763,1.7738438917523116,100.00000000000001,0.0
172,1422,31.521702977127337,2.940651545249933,1.877307215128048,100.0,0.0
173,1423,31.59223967399789,2.945185651854401,1.9768801820570356,100.0,0.0
174,1424,31.658557268041225,2.949334922350607,2.0428296811585382,99.99999999999999,0.0
175,1425,31.713115325876007,2.9524952100169286,2.094720591694538,100.0,0.0
176,1426,31.766659445732547,2.955683854405913,2.1069872927128603,100.00000000000001,0.0
177,1427,31.81274491023566,2.9582833242085282,2.0965221775796854,99.99999999999999,0.0
178,1428,31.8512966255783,2.9602951011831435,2.0514602817838945,100.0,0.0
179,1429,31.879679453840172,2.9614848837586663,1.9912801066715804,100.0,0.0
180,1430,31.90290349640261,2.962324960802538,1.8997160898081,99.99999999999999,0.0
181,1431,31.920636194975447,2.9627633960094144,1.8030290808775478,100.00000000000001,0.0
182,1432,31.929178289214363,2.9624909250440017,1.7123755967456273,100.0,0.0
183,1433,31.928674270678915,2.961483723710385,1.6388568180269178,100.00000000000001,0.0
184,1434,31.923473403727098,2.9600756546627864,1.582655945194493,99.99999999999999,0.0
185,1435,31.91214939269395,2.9581323658319763,1.5482329942819997,100.00000000000001,0.0
186,1436,31.89189771068695,2.9555145078500566,1.5318832936563611,100.00000000000001,0.0
187,1437,31.864940726719073,2.9524023560782533,1.5152396525987526,100.00000000000001,0.0
188,1438,31.831042139519337,2.9487249071812442,1.500002750566762,100.0,0.0
189,1439,31.79143029909629,2.9445196745298357,1.4823596101968042,99.99999999999999,0.0
190,1440,31.743596837463794,2.939680297963483,1.4759226343020726,100.0,0.0
191,1441,31.688516450712058,2.9343955888369244,1.4669725560679718,99.99999999999999,0.0
192,1442,31.625540190698466,2.9285745207922527,1.4772286796959797,99.99999999999999,0.0
193,1443,31.55768263428696,2.922318042802588,1.474859225213233,100.00000000000001,0.0
194,1444,31.48096495999201,2.915460070617755,1.4929914074968202,100.0,0.0
195,1445,31.39619295942076,2.9080798826764322,1.5137828227038268,100.0,0.0
196,1446,31.304631523127874,2.900343290335265,1.5390029431476022,100.00000000000001,0.0
197,1447,31.2078052714153,2.892326356965192,1.5509517077233463,99.99999999999999,0.0
198,1448,31.1008241187586,2.883639052527251,1.5746888485659252,100.00000000000001,0.0
199,1449,30.988867586957948,2.8746556853819887,1.590110762238492,100.0,0.0
200,1450,30.86814132414151,2.8650909831387974,1.6076928858032553,99.99999999999999,0.0
201,1451,30.744400771526326,2.855598551337271,1.6061698296350038,100.0,0.0
202,1452,30.610565941528588,2.845440333163287,1.6108621527796019,99.99999999999999,0.0
203,1453,30.471206491254392,2.8349271791137243,1.6101534926953003,99.99999999999999,0.0
204,1454,30.32519576423358,2.8239261175427903,1.609468913723203,100.0,0.0
205,1455,30.176877642368336,2.813071381306681,1.5964376020876738,100.00000000000001,0.0
206,1456,30.02301910149854,2.8019893847623023,1.582909567565158,100.00000000000001,0.0
207,1457,29.863121286711,2.790482429947566,1.582652630933865,99.99999999999999,0.0
208,1458,29.697565285439243,2.778507441172944,1.5692437824963057,100.0,0.0
209,1459,29.528759284417227,2.7664786803687518,1.560448583056826,99.99999999999999,0.0
210,1460,29.36147837563865,2.7548586324491278,1.5455098659630246,100.0,0.0
211,1461,29.187322145415905,2.7427426739813634,1.535476910065389,100.0,0.0
212,1462,29.010145079465985,2.7305493334818918,1.5276072382325059,100.0,0.0
213,1463,28.83039912243278,2.7182709404414838,1.530268417660575,100.0,0.0
214,1464,28.655151130424013,2.706570399139538,1.5282610196642736,100.00000000000001,0.0
215,1465,28.473680092465177,2.694536997685509,1.54616356584912,99.99999999999999,0.0
216,1466,28.29182782792642,2.682718251979817,1.561745249656203,100.0,0.0
217,1467,28.105239405040827,2.670594379728252,1.6070128155269081,100.0,0.0
218,1468,27.93047923521179,2.6596809993870756,1.6243306140432432,100.0,0.0
219,1469,27.748274901264153,2.648260628716632,1.6544458094212842,100.00000000000001,0.0
220,1470,27.566799720989337,2.6371247016973562,1.6732662282976127,100.00000000000001,0.0
221,1471,27.3859341748727,2.626181159524894,1.6940238552373625,100.0,0.0
222,1472,27.213266636250474,2.6160194053458072,1.684939604814133,99.99999999999999,0.0
223,1473,27.03776904906027,2.6056948586051223,1.6879886679998253,100.0,0.0
224,1474,26.866253414908552,2.595850247510855,1.6784394655797876,100.0,0.0
225,1475,26.70034333170245,2.586649592645495,1.668593656326066,100.0,0.0
226,1476,26.539391265353746,2.5779214793339658,1.646473675625489,99.99999999999999,0.0
227,1477,26.37992207532679,2.569331355458397,1.6368218138503101,100.0,0.0
228,1478,26.22579921525328,2.561209459420553,1.6252843861857587,100.0,0.0
229,1479,26.083014844761326,2.554208855350305,1.6129929958262672,99.99999999999999,0.0
230,1480,25.942939989176704,2.5474206535844544,1.605170057619938,100.0,0.0
231,1481,25.807717503402266,2.5409869085250043,1.6107411095738131,100.0,0.0
232,1482,25.683064034953524,2.5353949072823814,1.6199794558825336,100.0,0.0
233,1483,25.569219320808937,2.5307166288246825,1.6400554029129855,100.0,0.0
234,1484,25.459919319536723,2.5263156339229136,1.6729545791559128,100.00000000000001,0.0
235,1485,25.357732600742473,2.5223745912649145,1.7025642862723642,99.99999999999999,0.0
236,1486,25.265161549421542,2.5190248481714224,1.732191906301335,100.0,0.0
237,1487,25.185082107728494,2.516642876617315,1.7537216373482953,100.00000000000001,0.0
238,1488,25.11261623895245,2.514717956738411,1.7689292322836834,100.0,0.0
239,1489,25.04537453504822,2.512988638969708,1.7565668054552424,99.99999999999999,0.0
240,1490,24.988967142518685,2.5119987403627233,1.7525844546231564,100.00000000000001,0.0
241,1491,24.946950447346666,2.512120213069693,1.7352112238776143,100.0,0.0
242,1492,24.91353968681323,2.5127327763205862,1.7221025686045952,99.99999999999999,0.0
243,1493,24.88530341922651,2.513563486296556,1.6962748946324435,100.0,0.0
244,1494,24.865239053708024,2.5149316299517084,1.681047683358483,100.0,0.0
245,1495,24.85669440300462,2.517137850783525,1.668682170249999,99.99999999999999,0.0
246,1496,24.860586010072375,2.52009426307848,1.6410823578170495,100.0,0.0
247,1497,24.871100823420075,2.5234760797213407,1.6123917682341,100.0,0.0
248,1498,24.88988277272716,2.527354144654664,1.605663670366096,99.99999999999999,0.0
249,1499,24.92050644592031,2.5320513229118093,1.6003500707638862,100.0,0.0
250,1500,24.95779940170555,2.5369041104369403,1.5954600190494177,99.99999999999999,0.0
251,1501,25.00549578221445,2.542412248715499,1.5875838434990959,100.00000000000001,0.0
252,1502,25.06193613167049,2.5483955425913765,1.5969774053981154,100.0,0.0
253,1503,25.130043839648415,2.555149888479438,1.6018804704246914,100.0,0.0
254,1504,25.202470035611544,2.561825768849445,1.5994115892011085,99.99999999999999,0.0
255,1505,25.283404690008737,2.56891465720859,1.6148687079074595,100.0,0.0
256,1506,25.375466799503386,2.5767105121035483,1.6399399360803308,100.0,0.0
257,1507,25.478753542594067,2.5852750994527187,1.65456972248645,100.0,0.0
258,1508,25.582583775734385,2.593516518689119,1.6712804231768004,99.99999999999999,0.0
259,1509,25.692295642487505,2.6019901282680036,1.6920335869319794,100.0,0.0
260,1510,25.81312309089973,2.611220721627988,1.710382404988981,99.99999999999999,0.0
261,1511,25.93948694818661,2.6207017948151154,1.7226382698665181,100.0,0.0
262,1512,26.06837967808792,2.6301906099671633,1.726450224078529,100.0,0.0
263,1513,26.199264886769743,2.6396979470800535,1.740789523939611,100.0,0.0
264,1514,26.345697203830365,2.650388124558298,1.7387453488876912,100.00000000000001,0.0
265,1515,26.490512386575336,2.660666017249636,1.7384673558174584,99.99999999999999,0.0
266,1516,26.63664819258127,2.670838357033994,1.722491903627652,99.99999999999999,0.0
267,1517,26.78309649955848,2.680899919509171,1.725215753791888,99.99999999999999,0.0
268,1518,26.94350746464581,2.6920071837154227,1.6917692713115118,100.00000000000001,0.0
269,1519,27.101551715570178,2.702570961928871,1.6650074420805712,100.00000000000001,0.0
270,1520,27.259313969113954,2.712834470738958,1.6265177551680048,100.0,0.0
271,1521,27.421990307838254,2.7234397956664904,1.5891057854917823,100.0,0.0
272,1522,27.591611388298993,2.734530505187467,1.5368749217583082,100.0,0.0
273,1523,27.759307432308137,2.7452378935507116,1.4944969653797378,99.99999999999999,0.0
274,1524,27.923439318651997,2.7554245626099942,1.4709561097119803,99.99999999999999,0.0
275,1525,28.09527874804537,2.7662105695153527,1.4713714948527221,99.99999999999999,0.0
276,1526,28.26785336342343,2.777090346782406,1.4811934164982024,100.0,0.0
277,1527,28.438914107703535,2.7877808650802196,1.5131349111749088,100.00000000000001,0.0
278,1528,28.603583968656,2.7978838236682715,1.5826124744627084,100.0,0.0
279,1529,28.776157309297766,2.808678936096485,1.6736587185681113,99.99999999999999,0.0
280,1530,28.947097645208444,2.819366648710024,1.7707559694631179,100.0,0.0
281,1531,29.11029763842582,2.8294906369773436,1.8713382180848235,100.0,0.0
282,1532,29.2678154778289,2.839215698841442,1.9894959282195075,99.99999999999999,0.0
283,1533,29.431059566647882,2.8494961465593533,2.0773160634028325,100.0,0.0
284,1534,29.589055841581146,2.859354143421528,2.1119769291914547,100.0,0.0
285,1535,29.739385985470694,2.8686705148691143,2.0853346975555382,100.0,0.0
286,1536,29.88562414871479,2.8777634157091643,2.03297997416894,100.0,0.0
287,1537,30.032354462662912,2.887042369783955,1.9561315754869102,100.0,0.0
288,1538,30.17405010468305,2.895970474361953,1.8625819399071388,100.00000000000001,0.0
289,1539,30.30736856448978,2.9042785659850083,1.7615624651608146,100.0,0.0
290,1540,30.436287479889995,2.912368360929045,1.688032362721575,100.0,0.0
291,1541,30.566309061500235,2.9207779325860255,1.5972033596004258,100.0,0.0
292,1542,30.685684908229707,2.9284360269207155,1.5219094368229202,100.0,0.0
293,1543,30.801725253788337,2.9359057682240843,1.464958056014599,100.0,0.0
294,1544,30.91095522122957,2.942926212376987,1.4482659626471888,100.0,0.0
295,1545,31.01958534908333,2.9500506141704728,1.4496402436706457,100.0,0.0
296,1546,31.11599852756695,2.9562715532036057,1.491861491565152,100.0,0.0
297,1547,31.212197427881982,2.9624995216365573,1.559972029489937,100.0,0.0
298,1548,31.298842344356654,2.9678983173050355,1.6807775715651747,100.0,0.0
299,1549,31.388459922174043,2.9736439817941887,1.7738279865267057,100.00000000000001,0.0
300,1550,31.464828224465556,2.9783321006885415,1.8619366053173505,100.0,0.0
301,1551,31.535011759705508,2.9824416259382693,1.9610268786765175,100.0,0.0
302,1552,31.596524214549607,2.9857574209625404,2.057508009059146,100.0,0.0
303,1553,31.659282608932607,2.9893103002276558,2.088547557945813,100.00000000000001,0.0
304,1554,31.71162434511065,2.9920479106677402,2.0909445297282385,99.99999999999999,0.0
305,1555,31.756939164005757,2.99419544660984,2.0808449719627813,100.00000000000001,0.0
306,1556,31.795127902217235,2.995775870647824,2.047413109562997,99.99999999999999,0.0
307,1557,31.82666829885332,2.996906943143412,1.9806532849876017,100.0,0.0
308,1558,31.850986575383445,2.9974897932290583,1.8886060723389928,100.0,0.0
309,1559,31.86496720263117,2.9971841930433234,1.807118998214337,100.0,0.0
310,1560,31.87706631490874,2.9968871303379574,1.7022998408683938,100.0,0.0
311,1561,31.878819391090563,2.9957246336332024,1.628214280359389,100.0,0.0
312,1562,31.87641446037094,2.994206928069907,1.582727288490405,100.0,0.0
313,1563,31.864409566044408,2.991845887721648,1.5553480382749987,100.00000000000001,0.0
314,1564,31.847056294563718,2.989223933950407,1.5124777721819374,100.0,0.0
315,1565,31.81939706998081,2.985700063060033,1.4934425433435852,100.0,0.0
316,1566,31.786454307574466,2.9816700725488423,1.5049838179550836,100.00000000000001,0.0
317,1567,31.7475521198879,2.9771496258443935,1.5050746055670672,100.00000000000001,0.0
318,1568,31.70313517960315,2.9724337913357117,1.4662994483692098,100.00000000000001,0.0
319,1569,31.64764233289679,2.966826654984726,1.4504510935416954,99.99999999999999,0.0
320,1570,31.584750069912428,2.960525984787715,1.4655498096126893,100.0,0.0
321,1571,31.515000360449633,2.9537680844665597,1.4935309688514617,100.0,0.0
322,1572,31.442338521969475,2.9470821535296063,1.4907388637071832,99.99999999999999,0.0
323,1573,31.360823590860846,2.9397883281883317,1.5066571284055768,100.0,0.0
324,1574,31.26685953258171,2.931483025291619,1.533549280497764,100.0,0.0
325,1575,31.166486618396306,2.922883837578413,1.557917857878817,100.0,0.0
326,1576,31.064982142498934,2.914417099677033,1.570071501727464,99.99999999999999,0.0
327,1577,30.956600399921122,2.905493565238867,1.5908245152351472,100.0,0.0
328,1578,30.83518946553119,2.895690705950506,1.6016335056142523,100.0,0.0
329,1579,30.702872729991515,2.885272052617167,1.6004601212888376,100.0,0.0
330,1580,30.572338327821992,2.8751486218681745,1.6101474016485435,100.00000000000001,0.0
331,1581,30.439798906143672,2.864926598699364,1.614788216769818,100.00000000000001,0.0
332,1582,30.290389592036092,2.853558344875289,1.6061990477139394,100.0,0.0
333,1583,30.13411416988609,2.841969122215626,1.5818792938465236,100.0,0.0
334,1584,29.98138224327259,2.830741474975954,1.5833091219812017,99.99999999999999,0.0
335,1585,29.829730797723172,2.8196495911558475,1.5828243390302006,99.99999999999999,0.0
336,1586,29.666701613123415,2.8078735929965917,1.572628763614793,100.0,0.0
337,1587,29.495219415136596,2.7956692355024924,1.551574353511429,100.0,0.0
338,1588,29.320071862407737,2.783256731938431,1.5424924702594598,100.0,0.0
339,1589,29.152536702131556,2.7716168029623423,1.5341762904865806,99.99999999999999,0.0
340,1590,28.978826524188566,2.759653300946139,1.5352234737738764,100.0,0.0
341,1591,28.79695294163218,2.747246783766239,1.5245604188003834,100.0,0.0
342,1592,28.614063713606715,2.7347989293708914,1.5342399791095342,100.0,0.0
343,1593,28.43668250975289,2.7232214568783037,1.5383933384140596,100.0,0.0
344,1594,28.254936356698593,2.71145032234592,1.5667562376075184,100.0,0.0
345,1595,28.073453283416885,2.6997852723518023,1.5990596190164141,100.00000000000001,0.0
346,1596,27.889250764513783,2.6879393843403427,1.633878470412193,100.0,0.0
347,1597,27.707385584071755,2.676800534758376,1.6518563521566314,100.0,0.0
348,1598,27.52356820087282,2.6657269101379333,1.6737844014142844,100.0,0.0
349,1599,27.346841288241652,2.6551801308028087,1.6909019191121897,100.0,0.0
350,1600,27.170797171046154,2.6446724556221453,1.7039815536024856,100.0,0.0
351,1601,26.99595668688833,2.6346763820884864,1.6905486096878115,99.99999999999999,0.0
352,1602,26.81669109707784,2.624528881011998,1.6673315122183987,100.0,0.0
353,1603,26.653760092966056,2.615594756828626,1.670515929271559,100.0,0.0
354,1604,26.495166318701635,2.6071483727590246,1.6589521310785955,100.0,0.0
355,1605,26.332398745217546,2.598585515035705,1.6416074201823405,100.00000000000001,0.0
356,1606,26.172135152332363,2.5903170152270074,1.6155505392114418,100.0,0.0
357,1607,26.027592548008553,2.5832648295732548,1.6147492209567875,100.0,0.0
358,1608,25.893109520916454,2.5771903255824293,1.6096061552474823,100.0,0.0
359,1609,25.758238176696462,2.571124624063403,1.6154551082603377,100.0,0.0
360,1610,25.627427298038203,2.5652063936756133,1.619903262465318,100.0,0.0
361,1611,25.506599755284665,2.560027187692632,1.6513676990231207,100.0,0.0
362,1612,25.4038347517957,2.556622404846073,1.6653855913286406,100.0,0.0
363,1613,25.30469053494923,2.5533862607415942,1.7035796910135435,100.0,0.0
364,1614,25.210644657199097,2.550129593408142,1.7326002555062059,100.0,0.0
365,1615,25.122264365240998,2.54714712151894,1.7675681307222453,100.00000000000001,0.0
366,1616,25.04894223266402,2.545688205587315,1.7573645656487398,99.99999999999999,0.0
367,1617,24.9852165055639,2.5447442468481776,1.7623953964417187,100.0,0.0
368,1618,24.930576300573108,2.5440988265860462,1.744796670017734,100.0,0.0
369,1619,24.88284566178534,2.5436321113321396,1.749036726482031,100.0,0.0
370,1620,24.844212399475456,2.544455675085914,1.7172066916633226,100.00000000000001,0.0
371,1621,24.820298455434518,2.546259455623518,1.6968907542833147,100.0,0.0
372,1622,24.802564085780595,2.5479046336536686,1.6791556148339177,100.0,0.0
373,1623,24.792111518197135,2.5498684049379348,1.6611181171931706,100.0,0.0
374,1624,24.791907458792412,2.5529401570236936,1.6343082300510379,99.99999999999999,0.0
375,1625,24.804044516378806,2.5569101823538727,1.618888063133742,100.0,0.0
376,1626,24.82298303466178,2.5609612059580003,1.6044831832813338,100.0,0.0
377,1627,24.84991907772046,2.5654674699879503,1.5956213292509571,99.99999999999999,0.0
378,1628,24.887764275601892,2.5709083488136115,1.593909716170142,99.99999999999999,0.0
379,1629,24.937742663988683,2.576940764519017,1.6039179078908443,99.99999999999999,0.0
380,1630,24.992274974985943,2.582966786813205,1.607066189341318,100.0,0.0
381,1631,25.05668125189522,2.589665986912173,1.5935068674035904,99.99999999999999,0.0
382,1632,25.13200323686909,2.596892399645016,1.6027152381112673,99.99999999999999,0.0
383,1633,25.21783984352413,2.604199040659388,1.6287901745037343,99.99999999999999,0.0
384,1634,25.304671702283617,2.6117531435556733,1.6449030928248427,100.00000000000001,0.0
385,1635,25.40369478541032,2.620625467275042,1.6438125052780332,100.0,0.0
386,1636,25.512071003160106,2.6296862240300385,1.6605529760738618,100.00000000000001,0.0
387,1637,25.626370826921626,2.638080797272672,1.7020749220785845,100.0,0.0
388,1638,25.738973265052472,2.6466746292160357,1.7274248255003912,100.0,0.0
389,1639,25.868252156512057,2.657015772028232,1.7188458140759628,99.99999999999999,0.0
390,1640,26.002838265684083,2.6673681228973254,1.731736765136166,100.00000000000001,0.0
391,1641,26.134247149739885,2.6765058664629295,1.767001069278095,100.0,0.0
392,1642,26.26635651685567,2.6859813450995507,1.757191075570422,100.0,0.0
393,1643,26.420571912859636,2.69756594623095,1.7259121854242572,99.99999999999999,0.0
394,1644,26.578331727103603,2.7089936406037025,1.7157041203570118,100.0,0.0
395,1645,26.72318870780329,2.718973711439133,1.712332139944884,100.0,0.0
396,1646,26.864717426110534,2.7284603086881556,1.6987473426468958,100.0,0.0
397,1647,27.03177151566226,2.739921686723891,1.6638704046383992,100.0,0.0
398,1648,27.20488927963749,2.7514998710859935,1.6375413744636236,100.0,0.0
399,1649,27.357393650061468,2.7615155680423142,1.5948701057231456,100.0,0.0
400,1650,27.51093228614721,2.7714108371390895,1.540357261508682,100.0,0.0
401,1651,27.690804131010452,2.782978060736096,1.4969341289360718,100.0,0.0
402,1652,27.882086512441976,2.7950103035338283,1.4813843352630294,100.00000000000001,0.0
403,1653,28.0405703092808,2.805064914445588,1.4663416491975432,100.0,0.0
404,1654,28.193508046570003,2.8147091696704325,1.4672679237696526,100.0,0.0
405,1655,28.37348084808179,2.825949494771468,1.507471208442015,100.0,0.0
406,1656,28.563447567515823,2.8376851242806076,1.5899154048685513,100.0,0.0
407,1657,28.73101874937027,2.848022558569286,1.6794580526806302,100.0,0.0
408,1658,28.892544134105343,2.858123420137233,1.7539000943520295,100.0,0.0
409,1659,29.059862359563564,2.8685939434867977,1.8628776537301617,100.0,0.0
410,1660,29.219842810393864,2.8784915034016643,1.9897840999860135,99.99999999999999,0.0
411,1661,29.371865995193005,2.887740456431635,2.0761358873905067,99.99999999999999,0.0
412,1662,29.537561835678034,2.897987840363637,2.0808667346086867,100.0,0.0
413,1663,29.70649696017786,2.9087335496695386,2.0731362704481793,100.0,0.0
414,1664,29.845390208284446,2.917383801643089,2.0408581239740404,100.0,0.0
415,1665,29.978558342004145,2.9254059119107954,1.9703186770730332,100.0,0.0
416,1666,30.13242455176785,2.9349427726879544,1.853893139696557,99.99999999999999,0.0
417,1667,30.286433663188518,2.944792070978112,1.7624594615560993,100.0,0.0
418,1668,30.402761976449828,2.9519179350334324,1.6833694981170197,100.0,0.0
419,1669,30.507001346492913,2.9580472526559958,1.6153542312199514,100.0,0.0
420,1670,30.65249476124233,2.9672837056175765,1.521748584595202,100.0,0.0
421,1671,30.795171516754046,2.976874539489173,1.462495222279646,100.00000000000001,0.0
422,1672,30.898707626125287,2.983291820255475,1.4356200979335936,100.0,0.0
423,1673,30.982435695628464,2.9880458609874796,1.448296080811479,100.00000000000001,0.0
424,1674,31.093744282714788,2.995148575578263,1.483086156469553,100.0,0.0
425,1675,31.207863939334946,3.002821553551694,1.5549112201608764,100.0,0.0
426,1676,31.281672632956578,3.00696040566525,1.6500138248820182,99.99999999999999,0.0
427,1677,31.351927116643576,3.0105861781256302,1.732637095819098,99.99999999999999,0.0
428,1678,31.455418263143898,3.0172982937296653,1.847076394024747,100.0,0.0
429,1679,31.548791380426863,3.023417011316979,1.9565940800148378,100.0,0.0
430,1680,31.61318674840421,3.026767564361185,2.028551869775983,99.99999999999999,0.0
431,1681,31.665837157801015,3.028732311192315,2.030532123439307,100.0,0.0
432,1682,31.72189391492167,3.0312373652830527,2.0337778403660858,100.0,0.0
433,1683,31.77553925653107,3.03438761157455,2.0686263842231423,100.0,0.0
434,1684,31.804147279403615,3.035072523732716,2.0672905126606658,99.99999999999999,0.0
435,1685,31.840547469089646,3.0357107918143247,1.9504141092724285,100.0,0.0
436,1686,31.874261559280956,3.0367207990420586,1.8651923847028802,99.99999999999999,0.0
437,1687,31.888709525587192,3.0369913180089747,1.817871110610736,100.0,0.0
438,1688,31.887727502806882,3.0350003018765355,1.7362181155102243,99.99999999999999,0.0
439,1689,31.90927377840584,3.034672879676585,1.6234799241870428,99.99999999999999,0.0
440,1690,31.91998842130052,3.0337493934746846,1.5621207880952106,100.00000000000001,0.0
441,1691,31.888841467934853,3.0300546563925037,1.5649235297585857,100.00000000000001,0.0
442,1692,31.829483047950756,3.0231334991695804,1.5893913269046596,100.00000000000001,0.0
443,1693,31.792308573328697,3.017832040686164,1.6276037166228379,100.0,0.0
444,1694,31.712025077063952,3.008993013610855,1.7719124426798722,100.0,0.0
445,1695,31.537209526070637,2.9916425598052396,2.0311318212086737,99.99999999999999,0.0
446,1696,31.350964123299335,2.973144663035611,2.254730786329741,100.0,0.0
447,1697,31.21592498311434,2.9599593008481615,2.466892221402787,99.99999999999999,0.0
448,1698,31.09319001494829,2.948470524338956,2.692581557177203,99.99999999999999,0.0
449,1699,30.95387630090056,2.93496316876205,2.8824435301183415,100.00000000000001,0.0
450,1700,30.839489865444637,2.9235003073779127,2.983662740700431,100.0,0.0
451,1701,30.81761221281702,2.922494727775539,3.016304226279148,99.99999999999999,0.0
452,1702,30.831188769548536,2.9250520533963322,2.993461987298488,100.0,0.0
453,1703,30.827601622558465,2.92570737004583,2.961770897954796,99.99999999999999,0.0
454,1704,30.817838364086573,2.925886131288413,2.8648431765382423,100.0,0.0
455,1705,30.795354742587474,2.925435046646925,2.753039122546633,99.99999999999999,0.0
456,1706,30.76582528768794,2.9253073193533883,2.5933271807125835,100.0,0.0
457,1707,30.705478215554187,2.9221033470710096,2.3291582055408173,100.00000000000001,0.0
458,1708,30.609802742024414,2.9153037839511127,1.9775748855423374,99.99999999999999,0.0
459,1709,30.50895557499848,2.9093172842771797,1.7078889400039985,100.0,0.0
460,1710,30.355886502422333,2.8987618588653965,1.6582394588761658,100.0,0.0
461,1711,30.119141179222225,2.8801932154687577,1.8990224099971695,100.0,0.0
462,1712,29.791013232361646,2.853209249854456,2.388711236587915,100.0,0.0
463,1713,29.457541256136544,2.8262592866558873,3.080821074498266,100.00000000000001,0.0
464,1714,29.102947864927945,2.7972009442238623,3.885001988207701,100.0,0.0
465,1715,28.737677396516215,2.767181916914669,4.7069450406140385,100.0,0.0
466,1716,28.358634415085326,2.7373849834968897,5.43404995333933,100.0,0.0
467,1717,28.015116885283703,2.711416511378807,6.082216105704262,99.99999999999999,0.0
468,1718,27.69014624945865,2.686421430246435,6.593783398895257,100.0,0.0
469,1719,27.38455763552511,2.663302463638303,6.959410009374709,99.99999999999999,0.0
470,1720,27.113707156966797,2.645081005624946,7.152165358111349,99.99999999999999,0.0
471,1721,26.879971901528005,2.6310993236988462,7.263346585537074,100.0,0.0
472,1722,26.64211351317116,2.6157587709043812,7.3019087459357745,100.00000000000001,0.0
473,1723,26.411020401376216,2.601537012816364,7.2002645092366775,100.0,0.0
474,1724,26.213234266888907,2.5921705840745197,6.967965845504597,100.0,0.0
475,1725,26.03619407298562,2.584659133857942,6.689911068212026,100.0,0.0
476,1726,25.83291530555924,2.5744894872489232,6.390816033735253,99.99999999999999,0.0
477,1727,25.61748295068385,2.5636361891561967,6.052376933790241,100.00000000000001,0.0
478,1728,25.436666265089357,2.5567859622938487,5.707026302899854,100.00000000000001,0.0
479,1729,25.295658439726413,2.5540237575045834,5.385040273618423,100.0,0.0
480,1730,25.10985179282245,2.5470421431171877,5.1308782370262955,100.0,0.0
481,1731,24.899261240389237,2.5381455745352963,4.8902300540622266,100.00000000000001,0.0
482,1732,24.731414323100825,2.5335403410333366,4.726539640262603,99.99999999999999,0.0
483,1733,24.59223991901812,2.53176018964575,4.655134357461704,99.99999999999999,0.0
484,1734,24.402161928163686,2.5256283336332537,4.683916907985145,100.00000000000001,0.0
485,1735,24.19884760354036,2.5186941945834143,4.751841037519357,100.0,0.0
486,1736,24.0140658504078,2.5133745593827697,4.950172455439226,99.99999999999999,0.0
487,1737,23.860420311402837,2.5103129543963005,5.321558654000362,100.0,0.0
488,1738,23.636563181827583,2.5004954600870994,5.852186483801572,100.0,0.0
489,1739,23.34655222850506,2.4846163361649714,6.45558885812884,100.00000000000001,0.0
490,1740,23.055083797520865,2.467992732165482,7.2038506621710034,100.0,0.0
491,1741,22.77636080940474,2.451645323931488,8.086385446424263,100.0,0.0
492,1742,22.459539866399258,2.4311499666202003,9.014275187666453,100.0,0.0
493,1743,22.139298943226194,2.410120724999252,9.908026094174792,99.99999999999999,0.0
494,1744,21.816596726100713,2.388371956526102,10.77948020938018,99.99999999999999,0.0
495,1745,21.503293236550814,2.3667276016911547,11.61836548309175,100.0,0.0
496,1746,21.170416442925905,2.342781379495164,12.319309078690981,100.0,0.0
497,1747,20.861497747639707,2.3210650043073784,12.863835486731265,100.00000000000001,0.0
498,1748,20.58351602017571,2.3022173300298787,13.24883705159294,100.0,0.0
499,1749,20.31367243659338,2.283910055260084,13.485689170175432,99.99999999999999,0.0
500,1750,20.054155027980148,2.266414621196848,13.484266038385178,100.0,0.0
501,1751,19.846052087142013,2.2539369922913997,13.280965827339626,100.0,0.0
502,1752,19.674536038640387,2.245159803255125,12.965159048218752,100.0,0.0
503,1753,19.47903743317888,2.233840051104328,12.570896751877406,99.99999999999999,0.0
504,1754,19.278389157220797,2.2217639222918706,12.083501630180914,99.99999999999999,0.0
505,1755,19.13448822420166,2.2149363282527545,11.574782265557474,99.99999999999999,0.0
506,1756,19.019156996880252,2.210896722920426,11.121125815563666,100.00000000000001,0.0
507,1757,18.88867456022628,2.2050585079680896,10.741614770197952,100.00000000000001,0.0
508,1758,18.76396617213909,2.199386848748541,10.417559750749637,100.0,0.0
509,1759,18.66720981004107,2.196164582129165,10.24939989460054,100.0,0.0
510,1760,18.588028979907392,2.194392633790008,10.319126717310587,100.0,0.0
511,1761,18.488705431393768,2.1899456304124247,10.649392924202084,99.99999999999999,0.0
512,1762,18.356646504572485,2.181635776707885,11.172999059440663,100.0,0.0
513,1763,18.255401217478568,2.1760769990465154,11.968242070335268,100.0,0.0
514,1764,18.16149391777493,2.1706593358554644,13.08198071979743,100.0,0.0
515,1765,18.045507305975104,2.1622042740954877,14.469271818067385,100.0,0.0
516,1766,17.90536498846858,2.1505441329003947,15.996778428303832,100.0,0.0
517,1767,17.779423296443372,2.1401894286595775,17.684797745076036,100.0,0.0
518,1768,17.643578794709505,2.128194213182314,19.525654342289652,100.0,0.0
519,1769,17.47568103880818,2.11199989361945,21.42390077380375,100.00000000000001,0.0
520,1770,17.288856734597598,2.0930193097890277,23.227679136893617,100.0,0.0
521,1771,17.10988338957153,2.074704553811877,24.90304707690635,100.00000000000001,0.0
522,1772,16.922273580261447,2.0550351204658712,26.372818424955984,100.00000000000001,0.0
523,1773,16.71670187544531,2.0328922575017296,27.5200362048916,100.0,0.0
524,1774,16.505346521647724,2.0093185472388497,28.2431090356194,100.0,0.0
525,1775,16.300406708197144,1.9863123851926063,28.536725118614076,100.0,0.0
526,1776,16.075894397838802,1.9609335989554728,28.35851534049868,100.0,0.0
527,1777,15.828617866090196,1.9325286878882115,27.641359020959264,100.0,0.0
528,1778,15.588670283294357,1.904314382024576,26.42744309494055,100.0,0.0
529,1779,15.363042037329363,1.8772977564019246,24.80584580846632,100.0,0.0
530,1780,15.116717619259472,1.8479996083121417,22.89379094298956,100.0,0.0
531,1781,14.856430630149424,1.816845610419664,20.78002885973656,99.99999999999999,0.0
532,1782,14.609789074816243,1.7868769878980602,18.710516097918443,100.0,0.0
533,1783,14.374037583841226,1.7578647494716175,16.954679871029388,100.0,0.0
534,1784,14.11390942325056,1.725859314582476,15.80695852530239,100.0,0.0
535,1785,13.841402367958965,1.6923520085934964,15.53511432112422,100.00000000000001,0.0
536,1786,13.578754532042069,1.6598639558124224,16.504058215858993,99.99999999999999,0.0
537,1787,13.336496506306153,1.6298175845044078,19.013330949939395,100.00000000000001,0.0
538,1788,13.076910395965275,1.5975935194640964,23.139952076044736,99.99999999999999,0.0
539,1789,12.80112724747658,1.5634498248464765,28.529399980629513,99.99999999999999,0.0
540,1790,12.527695296914235,1.5295157834377153,34.49298930103156,100.0,0.0
541,1791,12.260945887945647,1.4966286578512542,40.09046409417921,99.99999999999999,0.0
542,1792,11.97145764953679,1.460845209509465,44.291931769705975,100.0,0.0
543,1793,11.675061913807031,1.424048307603749,46.40900640101688,100.0,0.0
544,1794,11.37490738290552,1.3865162023318733,46.28562150805398,100.0,0.0
545,1795,11.079989103427566,1.3498215306856545,44.237606594871664,100.0,0.0
546,1796,10.769365499935926,1.3109446018130508,40.71099212359351,99.99999999999999,0.0
547,1797,10.46059382953311,1.271828135074615,36.31750262532445,100.0,0.0
548,1798,10.163314118764738,1.2335643564478673,31.62495447498662,100.0,0.0
549,1799,9.872451184289508,1.1958113904923633,27.13087597185019,100.00000000000001,0.0
550,1800,9.582029795210296,1.1576752754932838,23.16819297045957,100.00000000000001,0.0
551,1801,9.309850103312947,1.1207372114668808,19.878802081756756,100.0,0.0
552,1802,9.068934768691252,1.086539694274588,17.31745631642368,100.0,0.0
553,1803,8.84999390747417,1.0540184454442574,15.507114087973113,100.0,0.0
554,1804,8.65046601234641,1.0225051151185673,14.360227544070838,100.0,0.0
555,1805,8.4819632279604,0.9931508778889517,13.706234305076942,100.0,0.0
556,1806,8.354131935113458,0.9669671387561898,13.459008025848131,100.00000000000001,0.0
557,1807,8.259756828042688,0.9430325559450937,13.526683477960333,100.0,0.0
558,1808,8.197362244765442,0.9210529318202335,13.783994404972573,100.0,0.0
559,1809,8.17268081831018,0.9017623742326757,14.077593688414426,99.99999999999999,0.0
560,1810,8.189419219201339,0.885475038397945,14.343145869457528,100.0,0.0
561,1811,8.240176669073056,0.8713270499119691,14.559952945500287,100.0,0.0
562,1812,8.321776748922035,0.8589950276898679,14.690242262080147,100.0,0.0
563,1813,8.439441709272577,0.849374877659807,14.692835318825974,100.0,0.0
564,1814,8.590942330880077,0.8422426856104673,14.581460446548741,100.0,0.0
565,1815,8.771019171318708,0.837101341370493,14.360433964101144,100.00000000000001,0.0
566,1816,8.976062565047142,0.8335594575504267,14.014794016913228,100.0,0.0
567,1817,9.212549073815957,0.8324939831062318,13.570512969996638,100.0,0.0
568,1818,9.473398264643683,0.8332794124876505,13.06777033531051,100.00000000000001,0.0
569,1819,9.753088287510113,0.8354218104288575,12.515656277366556,100.00000000000001,0.0
570,1820,10.049460491821291,0.8387523541478401,11.895667591927891,100.00000000000001,0.0
571,1821,10.371582365181501,0.8441621088879347,11.22641792637303,100.0,0.0
572,1822,10.711642898331611,0.8510323695925002,10.547526480136947,100.0,0.0
573,1823,11.061948974701336,0.8587661621267718,9.878249867878454,99.99999999999999,0.0
574,1824,11.42265416703537,0.8674443680261968,9.213606844778363,100.0,0.0
575,1825,11.801331093587887,0.8777079996596019,8.564185035801886,100.00000000000001,0.0
576,1826,12.189282361481949,0.8889757252675513,7.958323916640707,99.99999999999999,0.0
577,1827,12.574710868752694,0.9005231870297249,7.414330345273173,100.0,0.0
578,1828,12.961310008776996,0.9127259084910313,6.93004961561186,100.00000000000001,0.0
579,1829,13.352852787558017,0.9259384171226043,6.495097552318349,100.00000000000001,0.0
580,1830,13.745684336228463,0.9399183507596185,6.126909273062302,100.0,0.0
581,1831,14.128641118634144,0.9539765710452925,5.830316430519153,100.00000000000001,0.0
582,1832,14.504731380397212,0.9683989305304888,5.588431891894405,100.0,0.0
583,1833,14.877735744828296,0.9834263115039055,5.386031961291382,99.99999999999999,0.0
584,1834,15.24457926483832,0.9987698129195718,5.224490454398836,99.99999999999999,0.0
585,1835,15.598272187039024,1.0139739481322858,5.093434483216443,100.0,0.0
586,1836,15.941971506045059,1.0292127667362718,4.980267397882246,100.0,0.0
587,1837,16.27803834097967,1.0445833223608159,4.872513796168798,100.0,0.0
588,1838,16.602756794831894,1.0597634924699821,4.768619207204736,99.99999999999999,0.0
589,1839,16.91427370362545,1.0745866415976688,4.664754376959326,99.99999999999999,0.0
590,1840,17.216842715120148,1.0892871472185035,4.5558474480857365,100.0,0.0
591,1841,17.512171106542972,1.103927225054363,4.438707308079675,100.00000000000001,0.0
592,1842,17.794031136083994,1.1180918830450313,4.3168055087943875,100.0,0.0
593,1843,18.064418402110864,1.1318780325160196,4.186086342023356,100.0,0.0
594,1844,18.32676885388153,1.1454810220016363,4.046672310911542,100.0,0.0
595,1845,18.583266259673337,1.1589981060138357,3.902075088145208,100.00000000000001,0.0
596,1846,18.825814590515865,1.171938791129078,3.757337256076906,100.0,0.0
597,1847,19.056629375597502,1.184433116577351,3.6100159901137565,100.0,0.0
598,1848,19.281214253898465,1.196790159160509,3.459597267921664,100.00000000000001,0.0
599,1849,19.50066865518527,1.2090312331463793,3.31219750615004,100.0,0.0
600,1850,19.70685455309463,1.220661265997985,3.1733114938355613,100.00000000000001,0.0
601,1851,19.901347573267252,1.2317740275133426,3.0400195740395306,100.0,0.0
602,1852,20.091042485657947,1.2427563405137927,2.9099052005976715,100.0,0.0
603,1853,20.275083059614605,1.2535225777097232,2.7882236949947727,100.00000000000001,0.0
604,1854,20.447057761442785,1.2636739943671642,2.679503989079368,100.0,0.0
605,1855,20.608134298471327,1.2732844802285885,2.580493456037475,100.00000000000001,0.0
606,1856,20.765701502900274,1.2827942445330978,2.486040073973923,100.0,0.0
607,1857,20.91606081978893,1.2919755634637573,2.400440934827505,100.0,0.0
608,1858,21.05526020639049,1.30059025090189,2.3266172480983838,100.0,0.0
609,1859,21.184780963928894,1.3087235632897942,2.261538671523585,100.0,0.0
610,1860,21.309657977491515,1.3166848978627022,2.200077066588263,100.0,0.0
611,1861,21.427834642651145,1.324354608799705,2.1444358605598617,100.0,0.0
612,1862,21.536601767187737,1.3315763289511908,2.0970059374938854,100.0,0.0
613,1863,21.638172583856644,1.3384640762290836,2.0554866395038953,99.99999999999999,0.0
614,1864,21.735618220516233,1.3451952034903758,2.0149909108965334,100.0,0.0
615,1865,21.825869082527934,1.351598042638978,1.9766876200506447,100.00000000000001,0.0
616,1866,21.907612340836952,1.3575885426122207,1.9426517092016835,100.0,0.0
617,1867,21.98608982305879,1.3634459084517958,1.9098444846584939,100.00000000000001,0.0
618,1868,22.06055750991079,1.3691257985707184,1.8766477647979898,100.00000000000001,0.0
619,1869,22.128123670548764,1.3744559055501595,1.8437862281504351,99.99999999999999,0.0
620,1870,22.189233151462002,1.3794543314202494,1.8119514301746213,100.0,0.0
621,1871,22.248381776131385,1.3843793042421022,1.7790531357284551,99.99999999999999,0.0
622,1872,22.303118847924747,1.389082115515822,1.745320441760526,100.0,0.0
623,1873,22.350505984179705,1.3933828097314873,1.7114488503232739,100.0,0.0
624,1874,22.392423874550687,1.39738715628569,1.677760556456522,100.0,0.0
625,1875,22.432301688328387,1.401304074856473,1.6424183574363358,100.0,0.0
626,1876,22.469580894631527,1.405106724098073,1.605746216819939,100.0,0.0
627,1877,22.49982162161401,1.4085164813595383,1.570407592806394,99.99999999999999,0.0
628,1878,22.52464143762249,1.4116191614046134,1.5357708503145249,100.0,0.0
629,1879,22.547901873628792,1.414653623131774,1.4993895225471905,100.00000000000001,0.0
630,1880,22.568627784503683,1.4175688815171545,1.463539796912401,100.0,0.0
631,1881,22.5838244366593,1.4201639645354804,1.4306058308688394,100.00000000000001,0.0
632,1882,22.593629546870453,1.4224212532424512,1.400249622897685,100.0,0.0
633,1883,22.602081237843564,1.4246025623972354,1.3697765383509002,100.0,0.0
634,1884,22.608949090561936,1.426698661137368,1.3406140059999383,100.00000000000001,0.0
635,1885,22.611167909665724,1.4284949427743263,1.3162132777241207,100.00000000000001,0.0
636,1886,22.60955468717328,1.4300314756179713,1.2962934280626774,100.0,0.0
637,1887,22.60602327980976,1.4314320393589564,1.2777275799379055,100.00000000000001,0.0
638,1888,22.6004141289544,1.4326923797106477,1.2618151216902609,100.00000000000001,0.0
639,1889,22.591258331926426,1.4337091415532446,1.2512923417454949,100.0,0.0
640,1890,22.579095488228674,1.4345168596298603,1.246073602256858,100.00000000000001,0.0
641,1891,22.564863451904877,1.4351866907885367,1.2429420389917545,99.99999999999999,0.0
642,1892,22.54784369351696,1.4356727514510919,1.2423002668114236,100.0,0.0
643,1893,22.5276092092047,1.435945761055602,1.246008870194323,99.99999999999999,0.0
644,1894,22.505205741797447,1.4360848025094592,1.2536407595621315,100.00000000000001,0.0
645,1895,22.480643405379322,1.4360995705515245,1.26204709480109,100.0,0.0
646,1896,22.452412254903653,1.4358854833216603,1.270882911962394,100.0,0.0
647,1897,22.421219568585318,1.43549203433301,1.2812856674743014,100.0,0.0
648,1898,22.388335803890534,1.4350098540581107,1.2924188147685707,100.0,0.0
649,1899,22.353473854775455,1.4344236544310514,1.3015506894812876,100.0,0.0
650,1900,22.31447977493444,1.4335824618886024,1.3079835465691378,100.0,0.0
651,1901,22.272041561183023,1.43253319511792,1.3117999194518077,100.0,0.0
652,1902,22.228682991035612,1.4314472595490564,1.3117042455091394,99.99999999999999,0.0
653,1903,22.18297626339862,1.430225632484015,1.3067303212822718,100.00000000000001,0.0
654,1904,22.13388008313573,1.428797042583788,1.2965939913706306,100.0,0.0
655,1905,22.08063694774113,1.427113593365558,1.2817088382789155,100.0,0.0
656,1906,22.026619074952634,1.4253973927136538,1.2609765229478067,99.99999999999999,0.0
657,1907,21.971141185871883,1.4235989668992532,1.2352804202570034,100.00000000000001,0.0
658,1908,21.912342941103173,1.4215965309924374,1.2067622007835594,100.0,0.0
659,1909,21.849653290278482,1.419359089970389,1.1772029006566598,100.0,0.0
660,1910,21.785442912969838,1.4170382324630484,1.1472987170964264,100.0,0.0
661,1911,21.719488761309993,1.4146159794353115,1.1209191687308018,100.00000000000001,0.0
662,1912,21.650544109508388,1.4120126948706635,1.1041604762879926,100.0,0.0
663,1913,21.57838847723337,1.4092185690857661,1.1012303933902412,100.0,0.0
664,1914,21.504122136043453,1.406302569036546,1.1153272227422497,100.0,0.0
665,1915,21.42750482702082,1.4032455526481478,1.1521206358734433,100.00000000000001,0.0
666,1916,21.34837802638051,1.4000330731161243,1.2148756172825093,99.99999999999999,0.0
667,1917,21.266012664383215,1.3966231606496966,1.30103314572841,99.99999999999999,0.0
668,1918,21.181004542539092,1.393052332915077,1.3995576907722795,100.00000000000001,0.0
669,1919,21.09353623133566,1.3893254850269434,1.4954204536145987,100.0,0.0
670,1920,21.002838242366398,1.3853913707268692,1.5751883098911263,100.0,0.0
671,1921,20.909406697348757,1.3812868678059296,1.6284160989114649,100.0,0.0
672,1922,20.814317894478688,1.3770819404732582,1.6484652963196775,100.00000000000001,0.0
673,1923,20.715644054170916,1.3726442881290186,1.633739757122724,99.99999999999999,0.0
674,1924,20.613359635035533,1.367977386676633,1.593946340486312,100.00000000000001,0.0
675,1925,20.509898886879387,1.3632448929395178,1.538582087425235,100.00000000000001,0.0
676,1926,20.404297309847646,1.358382872070092,1.4742029087263089,99.99999999999999,0.0
677,1927,20.294784179952366,1.3532759560432026,1.4078453739652128,100.00000000000001,0.0
678,1928,20.1818735608441,1.3479630048190843,1.348308754972671,100.0,0.0
679,1929,20.067614313117275,1.3425797726341768,1.3008910586582612,100.0,0.0
680,1930,19.951181119867755,1.3370683497375773,1.2664247413770457,100.0,0.0
681,1931,19.830342538708624,1.3312812712665816,1.2452306025929654,99.99999999999999,0.0
682,1932,19.705508067304184,1.3252485094568824,1.2374257051976283,99.99999999999999,0.0
683,1933,19.57831335127165,1.3190754921549912,1.2411717648301444,100.0,0.0
684,1934,19.449739119632152,1.3128181416605669,1.2548178043376637,100.00000000000001,0.0
685,1935,19.31888340134982,1.3064113433348665,1.2778915718055974,100.0,0.0
686,1936,19.184912945934993,1.2998002290947313,1.3078329596083138,100.00000000000001,0.0
687,1937,19.049115104653918,1.2930637075458875,1.3399563712033167,100.0,0.0
688,1938,18.91177995529635,1.2862119858685743,1.3731749515899447,100.00000000000001,0.0
689,1939,18.77188389652395,1.2791755199222588,1.4082579288889945,100.0,0.0
690,1940,18.62942506110703,1.2719502441866959,1.4446185259222573,100.0,0.0
691,1941,18.485343623603683,1.2645889406893989,1.478786037221249,100.0,0.0
692,1942,18.341204550821697,1.257191894843496,1.5087068704371411,99.99999999999999,0.0
693,1943,18.196126473419206,1.2497028386044402,1.5350530118733015,100.0,0.0
694,1944,18.0497371900312,1.242091415370573,1.5590871534247739,100.0,0.0
695,1945,17.902300831629177,1.2343639715941084,1.5806033137322335,100.0,0.0
696,1946,17.753581097994697,1.2264995163627959,1.600530199626306,99.99999999999999,0.0
697,1947,17.60342637606375,1.2184850013639528,1.621153150426718,100.00000000000001,0.0
698,1948,17.452807948017885,1.2103655472191037,1.6417102297089567,100.0,0.0
699,1949,17.302764280975133,1.2021944382325205,1.6584412847085195,100.00000000000001,0.0
700,1950,17.152891578096042,1.193942651197191,1.6692883337811035,99.99999999999999,0.0
701,1951,17.003280591805822,1.1856043471803583,1.6764079705378894,100.0,0.0
702,1952,16.8551358905677,1.1772380634967876,1.6811331443765094,100.0,0.0
703,1953,16.70921952360267,1.1688854835123705,1.6840157319869236,100.0,0.0
704,1954,16.565124995871827,1.1605198232011003,1.684617319226878,100.0,0.0
705,1955,16.42240292584499,1.1521050490662728,1.6855767879789103,100.00000000000001,0.0
706,1956,16.282119161010694,1.1437045722820074,1.6890898926533087,100.0,0.0
707,1957,16.145883530533762,1.13543672618915,1.6959975817109538,100.0,0.0
708,1958,16.013265862773455,1.127282977604793,1.7057391824413375,100.0,0.0
709,1959,15.882713672344657,1.119126521761034,1.7189544081572838,100.0,0.0
710,1960,15.756528723568477,1.111127772751329,1.7362865123356916,100.0,0.0
711,1961,15.635683524991633,1.1033668249813506,1.7578306273288775,99.99999999999999,0.0
712,1962,15.520628773711403,1.095886211349507,1.7832575531440367,100.0,0.0
713,1963,15.409791405959227,1.0885573827186976,1.8120813016088555,100.0,0.0
714,1964,15.304101711077633,1.0814420545714036,1.8432174303434554,100.0,0.0
715,1965,15.204825414168424,1.0746349097077095,1.8761942903309223,100.0,0.0
716,1966,15.11200162264007,1.0681304651467052,1.911173075895719,100.0,0.0
717,1967,15.02505309547373,1.0618698513772502,1.9481305495922625,99.99999999999999,0.0
718,1968,14.944890538056258,1.0559156346768412,1.985103449524285,100.0,0.0
719,1969,14.87258741119297,1.0503413630743679,2.0210623618170818,100.0,0.0
720,1970,14.808166633025234,1.045136977292228,2.0559112281024414,100.0,0.0
721,1971,14.751305184872768,1.0402723234021234,2.0900246493587717,100.0,0.0
722,1972,14.702815354732591,1.0358090995273064,2.1217552458503413,99.99999999999999,0.0
723,1973,14.663622375799557,1.0318150932434489,2.1491182855504776,100.0,0.0
724,1974,14.63359448669084,1.0282777604813895,2.172767797063567,100.00000000000001,0.0
725,1975,14.613162297707538,1.0252326886902379,2.193036010161399,100.00000000000001,0.0
726,1976,14.603157716633929,1.022744453691722,2.208441409548642,100.0,0.0
727,1977,14.603717259050748,1.0208230156654867,2.2170709763680434,100.0,0.0
728,1978,14.614477543433564,1.0194443043062351,2.2213448828573417,100.0,0.0
729,1979,14.635254934916647,1.0186007195296536,2.224591142673889,100.0,0.0
730,1980,14.666900758905324,1.0183549905424087,2.2268474772201716,100.0,0.0
731,1981,14.709124368765657,1.0186873771881073,2.226637483491977,100.0,0.0
732,1982,14.76156909021012,1.0195763624182117,2.225986917415264,100.0,0.0
733,1983,14.82392780121061,1.021006961706967,2.2264021112659274,100.0,0.0
734,1984,14.896529420285784,1.0230102559223904,2.2279113995357496,99.99999999999999,0.0
735,1985,14.978923173677954,1.0255669232486881,2.228994485836478,100.0,0.0
736,1986,15.070666429111311,1.0286583877219577,2.230852477844678,100.0,0.0
737,1987,15.170998283947299,1.0322454939782153,2.2337860159504723,100.00000000000001,0.0
738,1988,15.280755870243729,1.0364055740158744,2.2377871608649436,100.00000000000001,0.0
739,1989,15.398811997264412,1.041080568795756,2.2419911099677865,99.99999999999999,0.0
740,1990,15.524529374792623,1.0462457963993315,2.2470935981954265,100.00000000000001,0.0
741,1991,15.657116826270908,1.0518625167012183,2.253214825486264,99.99999999999999,0.0
742,1992,15.797093228393877,1.057987708739693,2.2606902301713245,100.0,0.0
743,1993,15.943662023297877,1.064585756165298,2.26970811495085,100.0,0.0
744,1994,16.094773911593816,1.071530085100678,2.279975675764779,100.0,0.0
745,1995,16.250122248125322,1.0788148422056418,2.2909632013415444,100.0,0.0
746,1996,16.410075765047313,1.086478573853237,2.3021443438507543,99.99999999999999,0.0
747,1997,16.573889983494468,1.0944782723190316,2.3142171339658604,100.0,0.0
748,1998,16.739903813419655,1.102709610402916,2.32738776201723,100.0,0.0
749,1999,16.907781575356825,1.1111649075505583,2.340327534963856,100.0,0.0
750,2000,17.077827533172734,1.1198685955151655,2.3510470517308923,100.0,0.0
